year,day,dayTran,time,lat,long,mag,deep,location
2017,5/3,42858,12:47:15,39.42,71.58,6.2,30,塔吉克斯坦
2017,5/3,42858,13:53:08,42.11,87.84,3,15,新疆巴音郭楞州和硕县
2017,5/4,42859,3:21:08,43.5,84.67,3,8,新疆伊犁州尼勒克县
2017,5/4,42859,13:36:28,33.71,89.48,3.4,8,西藏那曲地区双湖县
2017,5/4,42859,13:40:20,28.19,104.87,4.9,10,四川宜宾市珙县
2017,5/5,42860,13:07:29,23.38,121.65,4,34,台湾台东县海域
2017,5/5,42860,13:09:36,39.45,71.5,6,20,塔吉克斯坦
2017,5/6,42861,19:24:29,32.92,97.18,3.1,11,青海玉树州玉树市
2017,5/7,42862,21:35:17,32.96,89.45,3.6,7,西藏那曲地区双湖县
2017,5/8,42863,3:04:35,42.17,84.92,3.1,24,新疆巴音郭楞州轮台县
2017,5/8,42863,17:18:22,32.6,97.45,3.3,9,青海玉树州玉树市
2017,5/8,42863,23:31:25,51.1,-177.08,5.6,20,阿留申群岛
2017,5/8,42863,23:47:33,51.12,-177.1,5.8,20,阿留申群岛
2017,5/9,42864,1:00:49,51.81,-178.53,6.2,20,阿留申群岛
2017,5/9,42864,9:54:15,24.47,126.29,6,20,琉球群岛
2017,5/9,42864,21:52:08,-14.57,167.35,6.9,140,瓦努阿图群岛
2017,5/11,42866,5:58:19,37.58,75.25,5.5,8,新疆喀什地区塔什库尔干县
2017,5/11,42866,6:00:55,37.62,75.27,4.5,5,新疆喀什地区塔什库尔干县
2017,5/11,42866,6:29:37,37.63,75.26,3,7,新疆喀什地区塔什库尔干县
2017,5/11,42866,7:23:36,-56.3,-26.05,6.4,10,南桑威奇群岛地区
2017,5/11,42866,7:38:17,39.08,74.34,3,5,新疆克孜勒苏州阿克陶县
2017,5/11,42866,7:53:30,37.58,75.3,3.1,8,新疆喀什地区塔什库尔干县
2017,5/11,42866,12:03:40,37.59,75.31,4.2,6,新疆喀什地区塔什库尔干县
2017,5/12,42867,18:41:25,12.92,-90.01,6.2,10,中美洲沿岸远海
2017,5/12,42867,22:18:42,50.11,122.04,3.7,20,内蒙古呼伦贝尔市鄂伦春旗
2017,5/13,42868,19:50:39,32.88,104.19,3.1,12,四川绵阳市平武县
2017,5/14,42869,2:01:01,37.86,57.31,5.9,15,伊朗
2017,5/14,42869,11:56:57,36.36,106.04,2.8,9,宁夏中卫市海原县
2017,5/14,42869,13:28:12,35.24,81.59,3.8,7,新疆和田地区于田县
2017,5/15,42870,21:22:39,-4,152.49,6.2,20,巴布亚新几内亚
2017,5/15,42870,21:36:28,24.32,97.52,3.2,12,缅甸
2017,5/16,42871,0:20:02,33.05,99,4.4,10,四川甘孜州石渠县
2017,5/16,42871,7:12:53,23.31,121.49,5.6,10,台湾台东县
2017,5/16,42871,13:05:47,38.35,75.42,3,130,新疆克孜勒苏州阿克陶县
2017,5/17,42872,22:39:01,42.45,85.72,3.4,8,新疆巴音郭楞州和静县
2017,5/17,42872,23:27:56,38.21,73.12,4.7,137,塔吉克斯坦
2017,5/18,42873,3:27:23,28.98,103.16,3,12,四川乐山市峨边县
2017,5/18,42873,20:45:08,31.79,104.35,3.3,8,四川绵阳市北川县
2017,5/19,42874,3:45:13,36.42,97.23,3,9,青海海西州都兰县
2017,5/19,42874,6:06:01,44.19,83.68,3.2,6,新疆塔城地区乌苏市
2017,5/19,42874,7:06:58,30.27,96.99,3.4,6,西藏昌都市八宿县
2017,5/19,42874,16:24:00,37.64,75.23,3,7,新疆喀什地区塔什库尔干县
2017,5/19,42874,23:36:48,32.55,112.76,3,8,河南南阳市唐河县
2017,5/20,42875,0:02:15,25.65,99.34,3.7,6,云南大理州云龙县
2017,5/20,42875,2:18:49,39.17,73.96,3.3,6,新疆克孜勒苏州阿克陶县
2017,5/20,42875,7:51:05,38.3,100.99,3,8,甘肃张掖市民乐县
2017,5/20,42875,9:06:13,9.36,123.94,6,540,菲律宾
2017,5/21,42876,1:58:45,17.08,-94.01,5.7,140,墨西哥
2017,5/22,42877,17:23:05,39.34,73.45,4.7,11,塔吉克斯坦
2017,5/22,42877,18:15:13,33.92,106.06,3,12,甘肃陇南市徽县
2017,5/23,42878,0:24:54,31.98,90.3,3,8,西藏那曲地区班戈县
2017,5/23,42878,13:31:34,39.93,115.88,2.6,0,北京门头沟区(塌陷)
2017,5/23,42878,21:07:53,30.72,89.06,3.6,6,西藏那曲地区申扎县
2017,5/24,42879,11:16:29,27.69,90.63,3.6,7,不丹
2017,5/24,42879,11:21:21,38.38,74.18,3,128,塔吉克斯坦
2017,5/24,42879,17:49:04,23.44,120.49,4.1,17,台湾嘉义县
2017,5/24,42879,21:10:54,23.44,120.49,4.7,16,台湾嘉义县
2017,5/25,42880,0:36:01,52.52,-166.72,5.7,10,阿留申群岛
2017,5/25,42880,4:53:36,23.77,103.36,3.1,6,云南红河州开远市
2017,5/25,42880,13:48:12,23.45,120.5,4.3,15,台湾嘉义县
2017,5/25,42880,22:27:05,15.21,120.32,5,60,菲律宾
2017,5/27,42882,14:02:13,39.87,74.01,3.1,7,新疆克孜勒苏州乌恰县
2017,5/28,42883,5:39:25,41.79,81.84,3.4,7,新疆阿克苏地区拜城县
2017,5/28,42883,18:59:23,42.21,83.66,3.3,8,新疆阿克苏地区库车县
2017,5/29,42884,22:35:23,-1.3,120.42,6.6,20,印度尼西亚
2017,5/30,42885,1:41:21,30.23,112.32,3.5,8,湖北荆州市沙市区
2017,5/31,42886,0:49:16,47.39,85.72,3.4,7,新疆阿勒泰地区吉木乃县
2017,5/31,42886,9:54:24,25.44,100.33,3,8,云南大理州巍山县
2017,6/1,42887,11:02:55,37.54,94.76,3.3,9,青海省海西州大柴旦行政委员会
2017,6/2,42888,5:46:26,40.44,76.5,3.1,6,吉尔吉斯斯坦
2017,6/2,42888,14:49:22,43.51,88.12,2.5,20,新疆乌鲁木齐市达坂城区（有感）
2017,6/3,42889,6:24:48,54.09,170.91,6.9,10,阿留申群岛
2017,6/3,42889,7:48:17,-4.73,145.13,5.5,190,新几内亚北岸近海
2017,6/3,42889,9:38:17,29.78,100.35,2.9,11,四川甘孜州理塘县
2017,6/3,42889,13:07:49,33.52,91.32,3.6,10,青海省海西州唐古拉地区
2017,6/3,42889,18:11:10,37.99,103.56,5,15,内蒙古自治区阿拉善盟阿拉善左旗
2017,6/4,42890,9:24:49,38.4,73.95,3.6,120,塔吉克斯坦
2017,6/4,42890,14:51:21,32.49,105.27,3.1,15,四川广元市青川县
2017,6/4,42890,21:24:46,24.67,122.7,4.4,12,台湾宜兰县海域
2017,6/5,42891,20:42:46,33.61,91.04,3.2,10,青海省海西州唐古拉地区
2017,6/6,42892,14:04:58,31.31,103.18,3.9,9,四川阿坝州汶川县
2017,6/6,42892,22:18:59,43.36,82.19,3,7,新疆伊犁州巩留县
2017,6/8,42894,8:56:53,33.54,91.19,4.6,10,青海省海西州唐古拉地区
2017,6/8,42894,12:31:50,33.57,91.13,4.4,10,青海省海西州唐古拉地区
2017,6/9,42895,21:17:40,28.12,104.86,3.4,10,四川宜宾市珙县
2017,6/9,42895,21:56:17,33.85,120.34,3.2,15,江苏盐城市射阳县
2017,6/9,42895,23:33:21,33.44,88.12,3.4,8,西藏那曲地区双湖县
2017,6/10,42896,10:04:48,40.98,74.81,3,8,吉尔吉斯斯坦
2017,6/12,42898,0:28:36,20.15,110.07,2.3,15,广东湛江市徐闻县海域
2017,6/12,42898,20:28:39,38.96,26.24,6.4,10,爱琴海
2017,6/12,42898,23:31:32,22.85,101.82,3.4,5,云南红河州绿春县
2017,6/13,42899,2:50:18,47.34,121.52,3,15,内蒙古呼伦贝尔市扎兰屯市
2017,6/14,42900,3:38:15,33.54,91.2,4.8,11,青海省海西州唐古拉地区
2017,6/14,42900,14:04:07,33.58,91.18,3.8,10,青海省海西州唐古拉地区
2017,6/14,42900,15:29:05,15.11,-91.8,7.1,100,危地马拉
2017,6/15,42901,7:04:23,38.18,76.86,3.1,8,新疆喀什地区莎车县
2017,6/16,42902,9:49:25,43.58,87.95,2.2,6,新疆乌鲁木齐市达坂城区（有感）
2017,6/16,42902,19:48:11,31.06,110.48,4.3,8,湖北宜昌市秭归县
2017,6/17,42903,5:43:07,29.81,95.08,3.2,7,西藏林芝市巴宜区
2017,6/18,42904,14:09:29,33.57,91.18,3.8,10,青海省海西州唐古拉地区
2017,6/18,42904,15:46:16,42.61,79.6,3.1,7,哈萨克斯坦
2017,6/18,42904,16:33:48,38.09,120.75,3.2,7,山东烟台市长岛县海域
2017,6/18,42904,17:39:20,31.04,110.46,4.1,7,湖北恩施州巴东县
2017,6/19,42905,15:31:40,33.78,93.45,3.3,10,青海玉树州治多县
2017,6/20,42906,8:28:01,38.08,120.75,3,7,山东烟台市长岛县海域
2017,6/20,42906,19:22:33,31.98,94.96,3.1,6,西藏昌都市丁青县
2017,6/21,42907,9:05:21,26.17,100.56,2.8,9,云南丽江市永胜县
2017,6/21,42907,15:25:38,24.72,121.84,3.9,11,台湾宜兰县海域
2017,6/21,42907,22:17:01,31.03,103.23,2.9,18,四川阿坝州汶川县
2017,6/22,42908,3:41:08,38.4,73.48,4.7,15,塔吉克斯坦
2017,6/22,42908,11:57:45,36.46,83.82,3.1,7,新疆和田地区民丰县
2017,6/22,42908,20:31:03,13.75,-91,6.8,40,危地马拉沿岸近海
2017,6/23,42909,15:58:30,41.31,83.7,3,9,新疆阿克苏地区库车县
2017,6/24,42910,20:08:58,23.74,103.33,3.2,8,云南红河州开远市
2017,6/25,42911,3:47:05,37.23,77.86,3.3,8,新疆和田地区皮山县
2017,6/25,42911,5:45:27,33.07,94.12,3.1,10,青海玉树州杂多县
2017,6/25,42911,11:23:15,41.3,83.85,3.3,15,新疆阿克苏地区库车县
2017,6/26,42912,8:39:43,39.65,73.54,4,7,吉尔吉斯斯坦
2017,6/26,42912,8:47:43,28.16,104.67,3.6,14,四川宜宾市筠连县
2017,6/26,42912,15:35:49,36.43,83.9,3.3,7,新疆和田地区民丰县
2017,6/26,42912,19:31:59,41.86,79.33,3,8,吉尔吉斯斯坦
2017,6/28,42914,18:39:41,42.2,81.71,3,8,新疆阿克苏地区拜城县
2017,6/29,42915,3:46:51,40.25,77.76,3.1,7,新疆克孜勒苏州阿图什市
2017,6/30,42916,7:07:11,39.36,73.27,3,9,吉尔吉斯斯坦
2017,6/30,42916,22:36:03,44.89,81.66,3,20,新疆博尔塔拉州博乐市
2017,7/1,42917,6:29:42,-0.26,-80.46,6,10,厄瓜多尔沿岸近海
2017,7/2,42918,3:40:57,27.08,103.24,2.9,8,云南昭通市巧家县
2017,7/2,42918,5:59:55,23.23,101.38,2.9,5,云南普洱市墨江县
2017,7/2,42918,9:58:26,27.23,86.4,4.2,10,尼泊尔
2017,7/2,42918,14:34:56,25.12,101.71,4.1,5,云南楚雄州禄丰县
2017,7/2,42918,21:01:46,31.89,94.96,3.3,7,西藏昌都市丁青县
2017,7/3,42919,18:04:27,43.98,87.07,3.1,7,新疆昌吉州昌吉市
2017,7/4,42920,9:03:26,46.55,119.16,3.3,15,内蒙古锡林郭勒盟东乌珠穆沁旗
2017,7/4,42920,12:25:20,39.45,73.25,3.9,8,吉尔吉斯斯坦
2017,7/4,42920,13:24:40,39.48,118.4,2.2,5,河北唐山市丰南区
2017,7/4,42920,23:39:50,39.29,118.83,2.5,18,河北唐山市乐亭县
2017,7/6,42922,16:03:57,11.18,124.65,6.6,10,菲律宾
2017,7/7,42923,22:54:28,37.49,78.06,3,20,新疆和田地区皮山县
2017,7/9,42925,3:40:41,43.77,87.64,2.8,6,新疆乌鲁木齐市天山区(有感)
2017,7/9,42925,15:59:49,29.09,95.8,3.9,7,西藏林芝市墨脱县
2017,7/10,42926,2:09:19,27.07,102.27,2.9,10,四川凉山州会理县
2017,7/10,42926,3:33:42,39.65,82.76,3.2,15,新疆阿克苏地区沙雅县
2017,7/11,42927,6:05:34,38.94,75.46,3.8,8,新疆克孜勒苏州阿克陶县
2017,7/11,42927,15:00:08,-49.19,164.18,6.6,10,新西兰奥克兰群岛地区
2017,7/11,42927,17:47:33,41.87,123.96,2.5,0,辽宁抚顺市新抚区（矿震）
2017,7/12,42928,7:07:35,24.47,122.46,2.9,50,台湾宜兰县海域
2017,7/12,42928,18:38:10,21.99,101.17,3,9,云南西双版纳州景洪市
2017,7/12,42928,18:42:16,37.68,101.57,3.9,9,青海海北州门源县
2017,7/13,42929,3:48:08,40.8,131.7,6.2,520,日本海
2017,7/13,42929,11:36:07,-4.8,153.15,6.4,40,新爱尔兰地区
2017,7/13,42929,22:03:57,23.33,100.52,3.6,5,云南普洱市景谷县
2017,7/14,42930,5:04:08,36.6,122.1,3.4,7,山东威海市荣成市海域
2017,7/14,42930,6:18:03,36.57,122.09,3,9,山东威海市荣成市海域
2017,7/15,42931,1:41:26,24.82,107.34,4,6,广西河池市南丹县
2017,7/15,42931,1:51:00,44.04,84.71,3,24,新疆塔城地区乌苏市
2017,7/15,42931,12:53:58,43.92,84.5,3,8,新疆塔城地区乌苏市
2017,7/16,42932,0:56:12,30.67,82.73,3.6,5,西藏日喀则市仲巴县
2017,7/17,42933,1:06:41,-20.41,-173.5,5.8,10,汤加群岛
2017,7/17,42933,6:55:59,32.38,105.36,4.9,21,四川广元市青川县
2017,7/17,42933,9:20:35,-20.32,-173.54,5.9,10,汤加群岛
2017,7/17,42933,19:05:07,54.54,168.82,6.3,10,科曼多尔群岛地区
2017,7/18,42934,7:34:13,54.36,168.95,7.8,10,科曼多尔群岛地区
2017,7/18,42934,7:59:44,40.78,78.76,3.7,7,新疆阿克苏地区柯坪县
2017,7/18,42934,10:05:18,-16.29,-73.74,6.3,30,秘鲁沿岸近海
2017,7/18,42934,20:57:59,36.58,122.09,2.6,7,山东威海市荣成市海域
2017,7/19,42935,16:47:56,28.65,106.72,2.6,11,重庆綦江区（有感）
2017,7/19,42935,22:17:31,41.89,82.54,3.3,8,新疆阿克苏地区拜城县
2017,7/20,42936,16:12:25,41.31,83.82,3.2,8,新疆阿克苏地区库车县
2017,7/20,42936,17:37:21,32.42,105.36,3,23,四川广元市青川县
2017,7/21,42937,6:31:13,36.9,27.53,6.8,10,土耳其
2017,7/22,42938,18:59:22,41.97,82.45,3,8,新疆阿克苏地区拜城县
2017,7/22,42938,23:15:31,42.12,85.74,3.1,8,新疆巴音郭楞州焉耆县
2017,7/23,42939,7:13:30,45.3,124.81,4.9,12,吉林松原市宁江区
2017,7/23,42939,18:36:36,41.14,75.31,4.2,8,吉尔吉斯斯坦
2017,7/23,42939,18:43:54,40.01,77.85,3.1,7,新疆克孜勒苏州阿图什市
2017,7/25,42941,5:46:36,41.71,88.51,4,7,新疆吐鲁番市托克逊县
2017,7/25,42941,11:43:10,31.12,110.07,3.3,4,重庆巫山县
2017,7/26,42942,4:49:11,32.12,104.5,2.9,20,四川绵阳市平武县
2017,7/26,42942,12:26:38,35.78,76.2,3.4,8,克什米尔地区
2017,7/27,42943,1:45:40,26.98,100.78,2.9,5,云南丽江市宁蒗县
2017,7/27,42943,12:52:48,38.23,74.23,3.4,167,塔吉克斯坦
2017,7/27,42943,13:15:44,22.73,101.2,2.9,13,云南普洱市思茅区
2017,7/27,42943,15:08:13,21.73,121.46,3.9,87,台湾屏东县海域
2017,7/28,42944,1:43:09,45.26,124.73,3,14,吉林松原市宁江区
2017,7/28,42944,1:53:26,13.41,-49.4,5.8,20,大西洋
2017,7/29,42945,3:21:49,41.86,123.91,2.4,0,辽宁抚顺市新抚区（矿震）
2017,7/29,42945,7:06:51,22.78,100.37,3.4,13,云南普洱市澜沧县
2017,7/30,42946,7:48:00,39.78,118.46,2.1,7,河北唐山市古冶区
2017,7/30,42946,8:04:07,28.13,104.68,3,8,四川宜宾市筠连县
2017,7/30,42946,11:12:31,39.14,74.39,3.6,6,新疆克孜勒苏州阿克陶县
2017,7/31,42947,0:33:46,23.95,108.58,3.7,7,广西来宾市忻城县
2017,7/31,42947,21:59:04,22.78,100.37,2.8,15,云南普洱市澜沧县
2017,8/1,42948,6:31:02,24.01,108.63,3,2,广西来宾市忻城县
2017,8/1,42948,15:38:17,23.54,97.84,3.3,13,缅甸
2017,8/2,42949,2:07:23,38.75,73.06,3.8,7,塔吉克斯坦
2017,8/3,42950,8:14:52,39.71,73.84,3.9,7,吉尔吉斯斯坦
2017,8/4,42951,5:43:52,24.19,103.67,3.4,6,云南红河州弥勒市
2017,8/4,42951,20:59:05,38.53,74.11,3,116,塔吉克斯坦
2017,8/5,42952,3:24:01,39.56,95.59,3.3,8,甘肃酒泉市肃北县
2017,8/5,42952,12:01:56,26.61,108.83,3.3,10,贵州黔东南州剑河县
2017,8/5,42952,21:09:27,45.3,125.03,2.9,8,吉林松原市宁江区
2017,8/6,42953,8:15:03,-10.25,161.41,5.6,60,所罗门群岛
2017,8/6,42953,15:43:18,39.03,75.2,3.2,18,新疆克孜勒苏州阿克陶县
2017,8/7,42954,21:12:30,31.8,94.69,3.3,8,西藏那曲地区巴青县
2017,8/8,42955,21:19:46,33.2,103.82,7,20,四川阿坝州九寨沟县
2017,8/8,42955,21:28:55,33.24,103.78,3.2,5,四川阿坝州九寨沟县
2017,8/8,42955,21:41:34,33.18,103.85,3.3,9,四川阿坝州九寨沟县
2017,8/8,42955,23:04:56,33.24,103.79,3.2,5,四川阿坝州九寨沟县
2017,8/8,42955,23:49:18,33.28,103.78,3,9,四川阿坝州九寨沟县
2017,8/8,42955,23:51:12,33.11,103.88,3.1,10,四川阿坝州九寨沟县
2017,8/9,42956,0:35:17,33.13,103.85,3.2,20,四川阿坝州九寨沟县
2017,8/9,42956,3:59:09,33.29,103.79,3,10,四川阿坝州九寨沟县
2017,8/9,42956,5:16:02,33.3,103.76,3.6,10,四川阿坝州九寨沟县
2017,8/9,42956,5:37:14,33.12,103.87,3.6,17,四川阿坝州九寨沟县
2017,8/9,42956,5:41:09,33.14,103.83,3.3,10,四川阿坝州九寨沟县
2017,8/9,42956,6:24:49,33.14,103.85,3,18,四川阿坝州九寨沟县
2017,8/9,42956,6:49:03,33.11,103.88,3.2,18,四川阿坝州九寨沟县
2017,8/9,42956,6:49:31,33.31,103.77,3.3,13,四川阿坝州九寨沟县
2017,8/9,42956,7:27:52,44.27,82.89,6.6,11,新疆博尔塔拉州精河县
2017,8/9,42956,7:31:06,44.28,82.82,4,6,新疆博尔塔拉州精河县
2017,8/9,42956,7:32:51,44.29,82.74,4,12,新疆博尔塔拉州精河县
2017,8/9,42956,7:35:02,44.33,82.9,3.2,8,新疆博尔塔拉州精河县
2017,8/9,42956,7:36:27,44.29,82.75,3.3,13,新疆博尔塔拉州精河县
2017,8/9,42956,7:39:18,44.29,82.75,4.5,7,新疆博尔塔拉州精河县
2017,8/9,42956,7:44:31,44.31,82.76,4.7,8,新疆博尔塔拉州精河县
2017,8/9,42956,8:10:09,33.12,103.87,3.7,23,四川阿坝州九寨沟县
2017,8/9,42956,8:22:37,44.3,82.71,4,6,新疆博尔塔拉州精河县
2017,8/9,42956,8:27:26,44.28,82.7,3.1,5,新疆博尔塔拉州精河县
2017,8/9,42956,8:29:04,33.28,103.8,3.9,13,四川阿坝州九寨沟县
2017,8/9,42956,8:40:23,44.29,82.59,3.7,14,新疆博尔塔拉州精河县
2017,8/9,42956,8:51:02,44.29,82.74,3,12,新疆博尔塔拉州精河县
2017,8/9,42956,8:52:34,44.29,82.7,3.1,5,新疆博尔塔拉州精河县
2017,8/9,42956,8:54:32,44.28,82.69,3.1,12,新疆博尔塔拉州精河县
2017,8/9,42956,9:22:14,33.16,103.85,3.8,19,四川阿坝州九寨沟县
2017,8/9,42956,9:32:47,33.28,103.75,3.7,19,四川阿坝州九寨沟县
2017,8/9,42956,10:17:02,33.16,103.86,4.8,26,四川阿坝州九寨沟县
2017,8/9,42956,13:22:40,44.29,82.78,4.6,8,新疆博尔塔拉州精河县
2017,8/9,42956,13:30:01,44.1,82.07,3,7,新疆伊犁州尼勒克县
2017,8/9,42956,14:41:00,32.23,102.63,2.9,18,四川阿坝州黑水县
2017,8/9,42956,18:02:09,44.31,82.85,3.2,7,新疆博尔塔拉州精河县
2017,8/9,42956,18:20:03,31.81,108.75,2.9,7,重庆城口县（有感）
2017,8/9,42956,20:03:03,33.16,103.87,3.1,24,四川阿坝州九寨沟县
2017,8/9,42956,23:47:52,44.33,82.79,3.3,7,新疆博尔塔拉州精河县
2017,8/10,42957,1:14:12,44.28,82.73,3.3,7,新疆博尔塔拉州精河县
2017,8/10,42957,2:30:50,33.15,103.86,3.1,26,四川阿坝州九寨沟县
2017,8/10,42957,3:02:13,33.22,103.79,3.7,19,四川阿坝州九寨沟县
2017,8/10,42957,3:06:09,33.14,103.86,3,24,四川阿坝州九寨沟县
2017,8/10,42957,5:05:54,33.16,103.85,4.3,26,四川阿坝州九寨沟县
2017,8/10,42957,8:10:22,44.26,82.71,3.3,8,新疆博尔塔拉州精河县
2017,8/10,42957,9:54:02,33.16,103.85,3.2,17,四川阿坝州九寨沟县
2017,8/10,42957,15:30:09,33.14,103.86,2.8,26,四川阿坝州九寨沟县
2017,8/10,42957,17:38:31,33.26,103.76,3,19,四川阿坝州九寨沟县
2017,8/10,42957,17:48:34,33.22,103.85,4.1,26,四川阿坝州九寨沟县
2017,8/11,42958,7:31:12,47.56,89.58,3.1,6,新疆阿勒泰地区富蕴县
2017,8/11,42958,8:05:09,33.17,103.87,3,25,四川阿坝州九寨沟县
2017,8/11,42958,9:58:54,23.19,121.41,4.3,21,台湾台东县
2017,8/11,42958,13:28:25,14,120.71,6.3,180,菲律宾
2017,8/11,42958,19:26:21,33.1,103.87,3.4,26,四川阿坝州九寨沟县
2017,8/12,42959,2:20:13,44.29,82.77,3.1,7,新疆博尔塔拉州精河县
2017,8/12,42959,5:45:09,-16.47,-73.45,5.6,30,秘鲁沿岸近海
2017,8/12,42959,6:19:06,44.28,82.71,3.3,16,新疆博尔塔拉州精河县
2017,8/12,42959,7:56:39,33.12,103.87,3.7,12,四川阿坝州九寨沟县
2017,8/12,42959,12:14:21,39.48,74.82,3.2,6,新疆克孜勒苏州乌恰县
2017,8/13,42960,1:09:59,30.31,94.92,4.3,7,西藏林芝市波密县
2017,8/13,42960,8:08:34,22.13,121.1,3.8,60,台湾屏东县海域
2017,8/13,42960,11:08:12,-3.55,101.69,6.6,40,印尼苏门答腊南部
2017,8/13,42960,11:10:58,23.91,114.48,3,11,广东河源市东源县
2017,8/13,42960,11:52:29,38.32,75.74,3,156,新疆克孜勒苏州阿克陶县
2017,8/13,42960,15:41:49,44.3,82.85,3,8,新疆博尔塔拉州精河县
2017,8/13,42960,20:54:24,45.32,124.76,3.2,8,吉林松原市宁江区
2017,8/13,42960,22:38:31,33.08,103.9,3.4,18,四川阿坝州九寨沟县
2017,8/14,42961,0:51:24,-10.75,-74.35,5.7,10,秘鲁
2017,8/14,42961,19:26:01,41.29,83.74,4.5,7,新疆阿克苏地区库车县
2017,8/15,42962,11:58:15,45.42,124.75,4.5,7,吉林松原市宁江区
2017,8/15,42962,13:16:04,23.19,106.16,4,6,广西百色市靖西市
2017,8/15,42962,16:06:27,33.11,103.88,3,17,四川阿坝州九寨沟县
2017,8/16,42963,2:01:33,25.82,98.84,3.4,8,云南怒江州泸水县
2017,8/16,42963,6:49:43,38.33,74.03,4.3,7,塔吉克斯坦
2017,8/16,42963,12:06:08,35.99,77.71,3,7,新疆喀什地区叶城县
2017,8/16,42963,18:44:04,27.08,103.15,2.9,5,云南昭通市巧家县
2017,8/16,42963,20:33:27,44.27,82.79,3,7,新疆博尔塔拉州精河县
2017,8/16,42963,20:51:25,28.69,127.94,5.7,180,东海海域
2017,8/18,42965,7:34:05,32.53,105.14,3,17,四川广元市青川县
2017,8/18,42965,10:59:23,-1.22,-13.75,6.6,10,阿森松岛以北海域
2017,8/18,42965,16:09:56,38.65,73.24,3.7,7,塔吉克斯坦
2017,8/18,42965,17:19:24,44.28,82.73,3.4,8,新疆博尔塔拉州精河县
2017,8/19,42966,0:03:15,31.92,102.87,3,9,四川阿坝州黑水县
2017,8/19,42966,10:00:49,-17.95,-178.81,6.8,540,斐济群岛地区
2017,8/19,42966,19:52:10,33.11,103.91,3.4,19,四川阿坝州九寨沟县
2017,8/20,42967,5:14:34,41.31,83.82,3.8,11,新疆阿克苏地区库车县
2017,8/21,42968,9:12:13,30.37,94.84,3.1,8,西藏林芝市波密县
2017,8/21,42968,19:20:15,35.47,88.61,4,6,西藏那曲地区双湖县
2017,8/21,42968,20:03:17,27.66,86.41,3.9,7,尼泊尔
2017,8/22,42969,19:29:46,39.79,74.4,3,6,新疆克孜勒苏州乌恰县
2017,8/23,42970,7:20:44,33.32,92.83,3,10,青海玉树州杂多县
2017,8/23,42970,9:13:26,29.39,105.5,2.6,12,重庆荣昌区(有感)
2017,8/23,42970,11:29:28,39.68,118.33,2,15,河北唐山市开平区
2017,8/23,42970,11:38:42,37.49,112.42,3.1,5,山西太原市清徐县
2017,8/24,42971,2:00:39,39.41,74.96,3.4,7,新疆克孜勒苏州乌恰县
2017,8/24,42971,4:18:06,44.3,82.74,3,21,新疆博尔塔拉州精河县
2017,8/24,42971,9:06:13,38.42,74.02,3.3,128,塔吉克斯坦
2017,8/24,42971,18:53:56,24.43,99.51,3.1,5,云南保山市昌宁县
2017,8/25,42972,4:28:51,33.07,103.91,3,15,四川阿坝州九寨沟县
2017,8/26,42973,6:45:47,38.81,96.09,3.3,6,甘肃酒泉市肃北县
2017,8/27,42974,8:58:13,33.2,103.74,3.4,15,四川阿坝州九寨沟县
2017,8/27,42974,12:17:50,-1.42,148.09,6.3,10,巴布亚新几内亚附近海域
2017,8/28,42975,3:02:20,33.26,103.81,2.7,18,四川阿坝州九寨沟县
2017,8/28,42975,23:05:08,39.9,115.73,2.8,0,北京房山区(塌陷)
2017,8/29,42976,6:27:31,39.44,75.17,3.7,10,新疆克孜勒苏州乌恰县
2017,8/29,42976,20:52:58,41.28,83.85,3.2,8,新疆阿克苏地区库车县
2017,8/30,42977,3:24:52,38.85,110.29,2.6,0,陕西榆林市神木县(塌陷)
2017,8/30,42977,6:08:34,19.52,120.86,4.8,4,巴布延群岛海域
2017,8/30,42977,12:11:17,43.22,113.79,3.1,15,内蒙古锡林郭勒盟苏尼特右旗
2017,8/30,42977,21:46:17,27.9,101.37,3,8,四川凉山州木里县
2017,9/1,42979,1:06:55,-1.13,99.7,6.2,40,印尼苏门答腊南部
2017,9/1,42979,1:46:02,58.45,-153.63,5.8,50,美国阿拉斯加
2017,9/1,42979,6:57:37,-0.25,125.24,5.4,40,印尼马鲁古海
2017,9/1,42979,10:38:09,32.2,82.74,4.6,8,西藏阿里地区革吉县
2017,9/2,42980,3:30:54,36.28,106.01,4.6,10,宁夏固原市原州区
2017,9/3,42981,5:59:47,34.14,83.56,4.1,6,西藏阿里地区改则县
2017,9/3,42981,6:13:12,38.39,76.56,3,8,新疆克孜勒苏州阿克陶县
2017,9/3,42981,11:30:01,41.35,129.11,6.3,0,朝鲜(疑爆)
2017,9/3,42981,11:38:31,41.21,129.18,4.6,0,朝鲜（塌陷）
2017,9/4,42982,3:05:03,37.5,114.35,3.7,5,河北邢台市临城县
2017,9/4,42982,16:07:36,-57.68,-25.58,6,30,南桑威奇群岛地区
2017,9/4,42982,16:34:05,37.61,78.18,3.3,25,新疆和田地区皮山县
2017,9/4,42982,18:43:59,42.56,86.13,3,8,新疆巴音郭楞州和静县
2017,9/4,42982,21:47:22,34.41,87.46,3.8,5,西藏那曲地区双湖县
2017,9/5,42983,1:14:22,35.09,108.18,3.2,0,陕西咸阳市彬县(塌陷)
2017,9/6,42984,1:57:20,33.24,103.79,3.4,10,四川阿坝州九寨沟县
2017,9/6,42984,13:39:27,32.64,120.56,3,10,江苏盐城市东台市
2017,9/7,42985,3:38:33,40.37,122.14,2.7,10,辽宁营口市鲅鱼圈区海域
2017,9/7,42985,6:53:40,45.26,124.75,3.1,9,吉林松原市宁江区
2017,9/7,42985,12:15:29,33.11,103.91,3.3,22,四川阿坝州九寨沟县
2017,9/8,42986,1:26:47,27.71,139.8,6.2,460,日本小笠原群岛地区
2017,9/8,42986,4:14:51,39.92,77.4,3.2,7,新疆克孜勒苏州阿图什市
2017,9/8,42986,12:49:15,15.05,-93.9,8.2,20,墨西哥沿岸近海
2017,9/8,42986,16:03:16,27.04,100.9,2.8,11,云南丽江市宁蒗县
2017,9/9,42987,6:57:22,44.25,82.68,3.8,17,新疆博尔塔拉州精河县
2017,9/9,42987,15:25:58,27.29,100.31,3.1,5,云南丽江市玉龙县
2017,9/9,42987,15:48:34,38.75,74.95,4.1,6,新疆克孜勒苏州阿克陶县
2017,9/9,42987,23:58:50,33.29,103.75,3,10,四川阿坝州九寨沟县
2017,9/10,42988,3:04:54,39.94,115.88,2.1,0,北京门头沟区
2017,9/10,42988,22:41:23,35.59,116.85,3.6,18,山东济宁市兖州市
2017,9/11,42989,1:18:50,41.88,82.47,3.2,7,新疆阿克苏地区拜城县
2017,9/11,42989,5:40:22,57.03,-33.57,5.8,10,雷克雅内斯海岭
2017,9/11,42989,10:25:40,24.77,122.09,3.4,87,台湾宜兰县海域
2017,9/11,42989,23:53:05,41.87,123.9,2.6,0,辽宁抚顺市顺城区（矿震）
2017,9/12,42990,0:35:04,28.93,105.42,3.6,2,四川泸州市龙马潭区
2017,9/12,42990,2:39:23,38.29,74.21,3,159,塔吉克斯坦
2017,9/12,42990,18:40:10,27.92,101.42,3.2,13,四川凉山州木里县
2017,9/12,42990,19:25:59,27.91,101.39,3,15,四川凉山州木里县
2017,9/12,42990,19:26:40,27.93,101.42,4.4,13,四川凉山州木里县
2017,9/13,42991,7:59:41,33.26,103.81,3.3,23,四川阿坝州九寨沟县
2017,9/14,42992,9:27:27,26.65,100.21,3,11,云南大理州鹤庆县
2017,9/15,42993,13:43:58,37.46,115.01,2.9,5,河北邢台市宁晋县
2017,9/16,42994,18:11:32,42.11,83.43,5.7,6,新疆阿克苏地区库车县
2017,9/16,42994,18:29:04,42.14,83.38,3.6,7,新疆阿克苏地区库车县
2017,9/16,42994,21:01:27,27.77,100.78,3.1,13,四川凉山州盐源县
2017,9/18,42996,6:39:52,23.52,121.71,3.8,21,台湾花莲县海域
2017,9/18,42996,23:37:05,33.23,103.77,2.8,11,四川阿坝州九寨沟县
2017,9/18,42996,23:54:16,40.82,77.32,3.7,22,新疆克孜勒苏州阿合奇县
2017,9/19,42997,19:32:37,39.77,118.42,2.1,13,河北唐山市古冶区
2017,9/20,42998,0:39:39,42.07,83.44,3.1,5,新疆阿克苏地区库车县
2017,9/20,42998,1:12:59,41.24,87.28,3.3,5,新疆巴音郭楞州尉犁县
2017,9/20,42998,2:14:39,18.58,-98.47,7.1,50,墨西哥
2017,9/20,42998,4:18:07,37.33,141.68,5.3,40,日本本州东岸近海
2017,9/20,42998,22:29:55,23.35,121.85,5.5,15,台湾花莲县海域
2017,9/21,42999,0:37:15,37.93,144.73,6,10,日本本州东岸海域
2017,9/21,42999,4:09:49,-18.75,169.1,6.4,205,瓦努阿图群岛
2017,9/21,42999,6:04:30,38.43,74.07,3,128,塔吉克斯坦
2017,9/21,42999,10:17:49,46.95,90.83,3.2,6,新疆阿勒泰地区青河县
2017,9/21,42999,11:28:21,44.28,82.34,3.2,15,新疆博尔塔拉州精河县
2017,9/21,42999,15:19:00,28.05,85.75,3.3,7,尼泊尔
2017,9/21,42999,18:03:12,27.93,101.41,3,15,四川凉山州木里县
2017,9/22,43000,1:46:39,33.02,87.64,3.8,8,西藏那曲地区双湖县
2017,9/23,43001,16:29:16,41.36,129.06,3.4,0,朝鲜(疑爆)
2017,9/23,43001,18:38:05,15.54,-94.2,5.7,70,墨西哥沿岸近海
2017,9/23,43001,20:53:05,16.75,-94.91,6.1,40,墨西哥
2017,9/23,43001,21:30:34,13.67,120.82,5,190,菲律宾
2017,9/24,43002,2:48:32,32.51,105.51,2.9,9,四川广元市青川县
2017,9/24,43002,2:50:46,32.5,105.51,3.1,5,四川广元市青川县
2017,9/24,43002,9:06:39,32.5,105.52,3.3,13,四川广元市青川县
2017,9/24,43002,13:49:45,24.01,122.32,4,19,台湾花莲县海域
2017,9/25,43003,19:13:31,36.62,106.18,2.9,8,宁夏吴忠市同心县
2017,9/26,43004,12:19:59,-23.63,-176.89,6.4,100,斐济群岛以南
2017,9/26,43004,19:23:06,39.65,73.85,3.4,8,吉尔吉斯斯坦
2017,9/28,43006,17:33:31,47.31,121.24,3.8,18,内蒙古呼伦贝尔市扎兰屯市
2017,9/29,43007,12:00:20,14.89,-94.03,5.6,20,墨西哥沿岸近海
2017,9/29,43007,15:57:05,33.86,90.5,3.4,9,青海海西州唐古拉地区
2017,9/30,43008,1:02:25,42.11,83.5,3.2,20,新疆阿克苏地区库车县
2017,9/30,43008,14:14:37,32.27,105,5.4,13,四川广元市青川县
2017,9/30,43008,20:12:24,40.52,92.18,3,6,新疆巴音郭楞州若羌县
2017,10/1,43009,20:18:11,28.5,96.42,3.7,7,西藏林芝市察隅县
2017,10/3,43011,19:17:46,23.14,106.17,4.1,8,广西百色市靖西市
2017,10/5,43013,3:18:11,33.29,103.78,3.3,17,四川阿坝州九寨沟县
2017,10/5,43013,7:48:04,29.4,105.53,2.5,11,重庆荣昌区（有感）
2017,10/5,43013,10:42:43,26.17,100.58,2.9,9,云南丽江市永胜县
2017,10/6,43014,12:27:52,39.52,73.21,3.2,8,吉尔吉斯斯坦
2017,10/6,43014,15:59:33,37.5,144,6.1,10,日本本州东岸远海
2017,10/6,43014,18:25:34,33.23,103.8,4,20,四川阿坝州九寨沟县
2017,10/7,43015,11:46:51,39.06,106.77,2.8,11,宁夏石嘴山市平罗县
2017,10/7,43015,23:54:36,43.72,87.99,2,28,新疆乌鲁木齐市达坂城区(有感）
2017,10/9,43017,4:48:58,-61.71,154.53,6,10,巴勒尼群岛地区
2017,10/9,43017,6:34:34,52.38,176.8,6.5,130,阿留申群岛
2017,10/9,43017,7:29:52,22.49,121.34,4,7,台湾台东县海域
2017,10/10,43018,0:16:05,47.31,82.31,3,8,哈萨克斯坦
2017,10/10,43018,1:04:43,28.96,94.93,3.1,6,西藏林芝市墨脱县
2017,10/10,43018,14:32:19,-18.58,-69.64,6.3,90,智利北部
2017,10/11,43019,2:53:31,-54.19,8.28,6.7,20,南极洲布韦岛地区
2017,10/11,43019,23:53:40,33.62,89.98,3.1,7,青海海西州唐古拉地区
2017,10/12,43020,15:52:25,31.96,94.98,4.5,7,西藏昌都市丁青县
2017,10/13,43021,2:34:11,25.18,97.91,3.3,7,云南德宏州盈江县
2017,10/13,43021,4:03:50,32.51,105.52,3.6,16,四川广元市青川县
2017,10/13,43021,23:17:05,42.2,83.52,3,8,新疆阿克苏地区库车县
2017,10/14,43022,11:02:14,33.22,103.8,3.2,12,四川阿坝州九寨沟县
2017,10/14,43022,20:16:54,38.6,76.14,3.3,10,新疆克孜勒苏州阿克陶县
2017,10/15,43023,4:57:11,39.64,118.23,2.4,10,河北唐山市路北区
2017,10/15,43023,7:03:24,44.59,80.2,3.2,6,哈萨克斯坦
2017,10/15,43023,8:57:54,38.6,76.13,3.8,10,新疆克孜勒苏州阿克陶县
2017,10/15,43023,18:21:01,36.25,102.21,3.4,10,青海海东市乐都区
2017,10/16,43024,21:03:05,40.41,77.12,3.9,7,新疆克孜勒苏州阿图什市
2017,10/17,43025,3:45:08,34.67,101.88,3.4,10,青海黄南州河南县
2017,10/18,43026,2:54:20,28.33,102.83,3.3,18,四川凉山州昭觉县
2017,10/18,43026,4:16:05,33.04,91.77,3.9,5,青海海西州唐古拉地区
2017,10/18,43026,20:00:56,-20.5,-173.65,6.3,10,汤加群岛
2017,10/19,43027,0:45:11,32.67,105.42,2.9,9,四川广元市青川县
2017,10/19,43027,9:15:44,35.95,111.54,3,5,山西临汾市襄汾县
2017,10/19,43027,15:50:34,42,124.57,2.6,10,辽宁抚顺市清原县
2017,10/20,43028,0:13:29,43.52,84.42,3.2,6,新疆伊犁州尼勒克县
2017,10/21,43029,17:57:20,35.62,77.68,3.3,23,新疆喀什地区叶城县
2017,10/21,43029,21:58:11,30.07,102.99,2.9,6,四川雅安市雨城区
2017,10/23,43031,16:32:34,-52.4,16.89,5.9,10,非洲西南海域
2017,10/24,43032,18:47:46,-7.21,123.07,6.7,570,班达海
2017,10/24,43032,20:54:10,38.43,74.15,3.8,133,塔吉克斯坦
2017,10/24,43032,23:17:44,44.05,87.74,2.2,6,新疆乌鲁木齐市米东区（有感）
2017,10/25,43033,10:05:37,37.23,75.27,3.2,10,新疆喀什地区塔什库尔干县
2017,10/25,43033,19:20:01,37.32,75.29,3.1,7,新疆喀什地区塔什库尔干县
2017,10/25,43033,19:31:00,37.26,75.3,3,6,新疆喀什地区塔什库尔干县
2017,10/25,43033,22:29:37,27.9,101.43,3,13,四川凉山州盐源县
2017,10/26,43034,5:02:12,37.28,75.37,3.9,8,新疆喀什地区塔什库尔干县
2017,10/27,43035,17:38:33,43.7,84.64,3.2,17,新疆塔城地区乌苏市
2017,10/27,43035,20:12:07,39.68,118.32,2.6,14,河北唐山市开平区
2017,10/29,43037,3:11:03,86.94,54.38,5.8,10,法兰士约瑟夫地群岛以北海域
2017,10/29,43037,5:22:45,40.33,76.96,3,8,新疆克孜勒苏州阿图什市
2017,10/30,43038,7:15:44,24.13,122.16,4.7,29,台湾花莲县海域
2017,10/31,43039,8:42:09,-21.71,169.12,6.7,20,洛亚蒂群岛地区
2017,10/31,43039,11:52:31,31.55,103.87,2.9,17,四川阿坝州茂县
2017,10/31,43039,19:50:51,-3.79,127.83,6.2,30,印度尼西亚塞兰岛
2017,10/31,43039,21:52:20,34.73,103.31,4.3,12,甘肃甘南州临潭县
2017,11/1,43040,8:09:33,-21.68,168.92,6,10,洛亚蒂群岛
2017,11/1,43040,9:02:57,37.97,87.33,3.8,25,新疆巴音郭楞州且末县
2017,11/1,43040,10:23:56,-21.57,168.91,6.5,10,洛亚蒂群岛地区
2017,11/1,43040,13:09:00,-21.79,168.91,5.9,10,洛亚蒂群岛地区
2017,11/1,43040,13:28:39,33.38,96.16,3,10,青海玉树州玉树市
2017,11/1,43040,13:33:38,33.35,96.18,3.9,10,青海玉树州玉树市
2017,11/2,43041,13:21:26,43.42,80.12,3.2,6,哈萨克斯坦
2017,11/3,43042,9:29:26,39.58,73.71,3.4,10,吉尔吉斯斯坦
2017,11/3,43042,10:49:00,23.01,120.98,4.9,6,台湾台东县
2017,11/3,43042,21:16:51,35.31,99.24,3.7,10,青海海南州兴海县
2017,11/4,43043,7:34:47,23.62,121.59,4.7,13,台湾花莲县海域
2017,11/4,43043,17:00:17,-15.3,-173.15,6.8,10,汤加群岛
2017,11/6,43045,4:54:25,38.46,73.48,3.8,126,塔吉克斯坦
2017,11/6,43045,8:34:13,31.22,103.7,3.8,17,四川成都市彭州市
2017,11/6,43045,14:22:10,24.8,115.62,3,6,江西赣州市寻乌县
2017,11/6,43045,14:46:26,35.97,106.14,2.8,11,宁夏固原市原州区
2017,11/6,43045,21:34:02,36.76,96.38,3.3,10,青海海西州都兰县
2017,11/7,43046,5:31:08,33.21,103.79,4.5,16,四川阿坝州九寨沟县
2017,11/7,43046,14:21:46,42.56,82.07,3.2,25,新疆伊犁州特克斯县
2017,11/8,43047,0:28:39,39.51,73.56,3.8,9,吉尔吉斯斯坦
2017,11/8,43047,3:06:42,30.31,87.74,3.2,5,西藏日喀则市谢通门县
2017,11/8,43047,5:26:36,-4.2,143.55,6.5,110,巴布亚新几内亚
2017,11/8,43047,18:54:15,43.44,82.87,3.1,6,新疆伊犁州新源县
2017,11/9,43048,10:13:42,34.61,78.52,3.8,104,新疆和田地区和田县
2017,11/9,43048,21:28:29,47.59,122.85,3.2,10,黑龙江齐齐哈尔市碾子山区
2017,11/10,43049,1:29:16,38.15,74.46,3.1,177,塔吉克斯坦
2017,11/10,43049,11:03:14,31.54,103.97,4.2,19,四川德阳市绵竹市
2017,11/11,43050,3:26:29,38.21,74.16,3,170,塔吉克斯坦
2017,11/11,43050,4:53:35,38.26,73.95,4.6,7,塔吉克斯坦
2017,11/11,43050,19:14:40,23.71,120.62,4.1,10,台湾云林县
2017,11/11,43050,20:22:53,23.68,120.69,5,20,台湾南投县
2017,11/12,43051,6:54:20,24.68,122.08,3.6,55,台湾宜兰县海域
2017,11/12,43051,12:56:29,26.75,125.5,4.5,150,东海海域
2017,11/13,43052,2:18:19,34.9,45.75,7.8,20,伊拉克
2017,11/13,43052,6:24:06,38.1,144.95,5.9,10,日本本州东岸远海
2017,11/13,43052,10:28:23,9.55,-84.57,6.7,20,哥斯达黎加
2017,11/13,43052,17:19:38,38.29,74.2,3,156,塔吉克斯坦
2017,11/14,43053,7:21:13,38.52,105.69,3,15,内蒙古阿拉善盟阿拉善左旗
2017,11/15,43054,8:24:33,13.07,143.71,5.7,140,马里亚纳群岛
2017,11/15,43054,9:24:57,31.06,95.1,3.1,9,西藏昌都市边坝县
2017,11/16,43055,9:42:56,41.94,77.46,4.5,7,吉尔吉斯斯坦
2017,11/16,43055,17:43:34,32.37,140.82,5.6,80,日本本州东海岸海域
2017,11/18,43057,6:34:19,29.75,95.02,6.9,10,西藏林芝市米林县
2017,11/18,43057,6:37:58,29.77,95.11,4,6,西藏林芝市米林县
2017,11/18,43057,8:31:58,29.88,94.92,5,6,西藏林芝市巴宜区
2017,11/18,43057,9:11:50,29.89,94.99,3.1,5,西藏林芝市巴宜区
2017,11/18,43057,10:13:38,29.8,95.1,3.3,7,西藏林芝市巴宜区
2017,11/18,43057,11:36:04,29.93,94.99,4.3,7,西藏林芝市巴宜区
2017,11/18,43057,13:59:44,29.9,95,3,6,西藏林芝市巴宜区
2017,11/18,43057,17:54:38,33.78,94.94,3.6,10,青海玉树州治多县
2017,11/19,43058,0:07:01,2.5,128.15,5.7,10,印尼马鲁古海
2017,11/19,43058,5:24:48,29.91,94.99,3.1,5,西藏林芝市巴宜区
2017,11/19,43058,9:15:47,32.2,104.58,3.2,11,四川绵阳市平武县
2017,11/19,43058,15:50:21,34.87,99.44,3.2,10,青海果洛州玛沁县
2017,11/19,43058,17:25:50,-21.49,168.7,6.3,30,新喀里多尼亚
2017,11/19,43058,23:09:04,-21.49,168.56,6.6,20,新喀里多尼亚
2017,11/20,43059,5:47:08,29.39,104.05,3.1,15,四川乐山市犍为县
2017,11/20,43059,6:43:30,-21.28,168.71,6.9,20,新喀里多尼亚
2017,11/20,43059,8:58:15,30.68,108.38,2.4,5,重庆万州区(有感)
2017,11/21,43060,2:26:25,35.36,86.57,4.7,7,西藏那曲地区尼玛县
2017,11/21,43060,13:52:12,39.78,118.46,2.1,8,河北唐山市古冶区
2017,11/21,43060,21:15:20,38.33,75.81,3,131,新疆克孜勒苏州阿克陶县
2017,11/22,43061,4:10:58,30.05,85.58,3.6,8,西藏阿里地区措勤县
2017,11/22,43061,15:50:08,38.54,73.92,3.2,110,塔吉克斯坦
2017,11/22,43061,22:20:10,23.71,120.6,5.2,16,台湾云林县
2017,11/23,43062,10:14:12,29.81,95.15,3.7,6,西藏林芝市巴宜区
2017,11/23,43062,15:13:45,29.88,95.13,4.2,7,西藏林芝市巴宜区
2017,11/23,43062,17:43:33,29.4,107.94,5,10,重庆武隆县
2017,11/23,43062,22:12:38,29.88,95.07,3.2,6,西藏林芝市巴宜区
2017,11/24,43063,4:55:32,23.6,120.69,4.2,22,台湾云林县
2017,11/27,43066,11:30:34,33.03,94.17,3.2,11,青海玉树州杂多县
2017,11/27,43066,15:11:06,-4.5,153.25,6,10,新爱尔兰地区
2017,11/28,43067,11:45:07,36.81,80.79,3,12,新疆和田地区策勒县
2017,11/29,43068,20:52:10,33.14,103.85,3.1,10,四川阿坝州九寨沟县
2017,11/29,43068,23:16:30,40.23,75.99,3.2,7,新疆克孜勒苏州阿图什市
2017,11/30,43069,3:09:40,39.02,110.62,2.8,0,陕西榆林市神木县(塌陷)
2017,11/30,43069,14:32:50,-1.1,-23.42,6.5,10,中大西洋海岭中部
2017,12/1,43070,10:32:46,30.7,57.35,6.1,10,伊朗
2017,12/1,43070,10:49:57,-6.21,147.6,6,10,巴布亚新几内亚(更正)
2017,12/2,43071,1:31:34,38.72,104.71,3.4,10,内蒙古阿拉善盟阿拉善左旗
2017,12/2,43071,6:18:07,44.1,120.73,3.2,15,内蒙古赤峰市阿鲁科尔沁旗
2017,12/3,43072,5:10:17,27.93,101.41,2.9,13,四川凉山州木里县
2017,12/3,43072,19:19:04,-0.45,-80.27,6,20,厄瓜多尔
2017,12/4,43073,1:45:35,35.47,77.8,3.7,7,克什米尔地区
2017,12/4,43073,1:50:12,39.17,74.34,3.8,6,新疆克孜勒苏州阿克陶县
2017,12/4,43073,8:08:05,-32.82,-178.73,5.7,10,克马德克群岛
2017,12/4,43073,16:59:40,21.86,121.28,4.3,19,台湾台东县海域
2017,12/6,43075,23:19:49,30.57,79.21,4.3,5,印度
2017,12/7,43076,7:29:05,35.69,77.46,5.2,87,新疆喀什地区叶城县
2017,12/7,43076,21:07:54,31.54,100.48,2.6,7,四川甘孜州炉霍县
2017,12/8,43077,8:22:53,10.05,140.15,6.5,20,加罗林群岛地区
2017,12/8,43077,10:51:14,27.51,86.25,4.2,6,尼泊尔
2017,12/8,43077,13:02:05,29.36,98.72,3.3,5,西藏昌都市芒康县
2017,12/8,43077,17:51:06,10,140.2,6.4,20,加罗林群岛地区
2017,12/9,43078,7:42:12,-15.89,-173.94,5.9,150,汤加群岛
2017,12/10,43079,8:14:12,33.25,103.75,2.7,20,四川阿坝州九寨沟县
2017,12/10,43079,12:52:35,41.73,88.37,3.6,9,新疆吐鲁番市托克逊县
2017,12/11,43080,5:37:00,29.92,94.99,3.6,6,西藏林芝市巴宜区
2017,12/11,43080,6:53:40,34.03,78.46,3.9,10,克什米尔
2017,12/11,43080,6:58:53,34.09,78.58,4.2,10,克什米尔
2017,12/11,43080,7:35:42,34.09,78.35,3.6,8,克什米尔
2017,12/11,43080,18:50:01,-20.85,-173.65,5.9,20,汤加群岛
2017,12/11,43080,22:09:58,35,45.75,5.5,10,伊拉克
2017,12/12,43081,16:43:18,30.75,57.3,6,10,伊朗
2017,12/13,43082,5:41:32,30.8,57.25,6.2,10,伊朗
2017,12/13,43082,7:17:38,24.04,122.4,4.1,18,台湾花莲县海域
2017,12/14,43083,17:48:36,42.82,84.57,3.7,12,新疆巴音郭楞州和静县
2017,12/15,43084,2:54:25,35.13,101.87,4.9,7,青海黄南州泽库县
2017,12/15,43084,3:11:17,35.13,101.89,3,7,青海黄南州泽库县
2017,12/15,43084,20:38:21,35.14,101.86,3.9,7,青海黄南州泽库县
2017,12/15,43084,20:39:14,39.44,79.1,3,22,新疆喀什地区巴楚县
2017,12/16,43085,0:47:56,-7.7,108.1,6.7,100,印尼爪哇岛
2017,12/16,43085,9:43:31,35.81,80.68,3,9,新疆和田地区策勒县
2017,12/16,43085,18:02:15,44.6,80.49,3.4,7,新疆伊犁州霍城县
2017,12/17,43086,14:20:34,27.37,94.18,3.8,10,印度
2017,12/19,43088,2:39:39,40.53,123.04,4.4,10,辽宁鞍山市海城市
2017,12/19,43088,3:01:25,31.96,104.28,2.9,18,四川绵阳市北川县
2017,12/19,43088,18:58:36,26.44,102.74,3.1,23,四川凉山州会东县
2017,12/20,43089,1:40:52,29.88,95.08,5,6,西藏林芝市巴宜区
2017,12/20,43089,4:08:42,29.92,95.01,3.2,6,西藏林芝市巴宜区
2017,12/20,43089,12:10:59,37.76,112.48,2.8,5,山西太原市晋源区
2017,12/21,43090,9:29:55,38.4,74.02,3,132,塔吉克斯坦
2017,12/21,43090,23:27:04,29.39,105.49,1.9,9,重庆荣昌区(有感)
2017,12/22,43091,9:28:12,33.48,91.3,3.5,10,青海海西州唐古拉地区
2017,12/23,43092,13:23:55,38.12,78.23,3.1,13,新疆和田地区皮山县
2017,12/24,43093,2:47:54,33.56,91.11,3.1,10,青海海西州唐古拉地区
2017,12/25,43094,20:35:07,38.28,75.64,3,131,新疆克孜勒苏州阿克陶县
2017,12/26,43095,5:02:19,39.44,73.74,4.1,10,新疆克孜勒苏州阿克陶县
2017,12/26,43095,20:35:41,41.92,87.84,3.7,30,新疆巴音郭楞州和硕县
2017,12/27,43096,12:40:47,36.53,77.96,3.9,103,新疆和田地区皮山县
2017,12/27,43096,21:56:51,38.63,72.01,5.2,8,塔吉克斯坦
2017,12/28,43097,1:11:38,38.19,81.78,3,31,新疆和田地区于田县
2017,12/29,43098,7:25:01,40.58,77.6,3,10,新疆克孜勒苏州阿图什市
2017,12/29,43098,10:58:31,41.18,83.7,3,7,新疆阿克苏地区库车县
2017,12/30,43099,12:13:18,27.91,101.42,3.4,16,四川凉山州盐源县
2017,12/31,43100,3:06:26,40.44,77.68,3.1,14,新疆克孜勒苏州阿图什市
2017,12/31,43100,5:56:09,34.22,84.81,3.7,6,西藏阿里地区改则县
2017,12/31,43100,7:23:59,39.29,72.68,4.2,7,吉尔吉斯斯坦
2017,12/31,43100,13:47:47,29.77,95.16,3.1,6,西藏林芝市米林县
2018,1/1,43101,0:02:50,33.5,86.61,3.3,6,西藏那曲地区尼玛县
2018,1/1,43101,13:02:38,39.41,95.69,2.8,8,甘肃酒泉市肃北县
2018,1/1,43101,17:13:08,31.26,103.45,2.5,10,四川阿坝州汶川县
2018,1/1,43101,22:37:15,24.8,115.62,3,6,江西赣州市寻乌县
2018,1/3,43103,7:16:08,38.87,72.65,4.1,8,塔吉克斯坦
2018,1/4,43104,1:28:35,30.27,96.96,3.4,6,西藏昌都市八宿县
2018,1/4,43104,5:35:33,23.93,99.32,4.6,10,云南临沧市永德县
2018,1/4,43104,20:21:07,45.29,124.65,4.3,8,吉林松原市前郭尔罗斯县
2018,1/4,43104,23:00:36,24.94,96.43,4.3,10,缅甸
2018,1/5,43105,3:53:52,38.66,73.78,3.7,26,塔吉克斯坦
2018,1/5,43105,15:52:54,38.22,74.47,3.1,168,塔吉克斯坦
2018,1/5,43105,19:28:50,29.9,106.4,3.1,8,重庆北碚区
2018,1/5,43105,23:55:59,39.74,118.69,2,9,河北唐山市滦县
2018,1/6,43106,18:51:36,39.66,118.46,2.8,14,河北唐山市滦县
2018,1/6,43106,21:03:17,39.68,118.3,2,11,河北唐山市开平区
2018,1/7,43107,3:55:15,37.52,78.04,3.6,23,新疆和田地区皮山县
2018,1/7,43107,14:47:10,24.55,94.66,5.7,33,缅甸
2018,1/8,43108,4:14:19,21.35,103.27,3.4,10,越南
2018,1/9,43109,8:05:43,38,72.59,5.5,7,塔吉克斯坦
2018,1/10,43110,10:51:29,17.43,-83.51,7.6,10,洪都拉斯北部海域
2018,1/10,43110,17:33:08,39.62,73.56,3.2,8,吉尔吉斯斯坦
2018,1/10,43110,17:52:31,34.68,85.01,4,7,西藏阿里地区改则县
2018,1/11,43111,7:45:55,44.83,92.68,3,6,新疆哈密地区巴里坤县
2018,1/11,43111,9:58:20,46.57,129.68,3.2,7,黑龙江佳木斯市汤原县
2018,1/11,43111,22:13:31,23.93,99.6,3.1,5,云南临沧市永德县
2018,1/12,43112,2:26:24,18.38,96.1,6.2,10,缅甸
2018,1/13,43113,20:59:03,43.53,118.4,2.4,10,内蒙古赤峰市巴林右旗(有感)
2018,1/14,43114,17:18:40,-15.7,-74.72,7.2,20,秘鲁沿岸近海
2018,1/14,43114,18:23:48,39.16,106.06,2.4,0,内蒙古阿拉善盟阿拉善左旗（爆破）
2018,1/15,43115,10:58:45,38.33,73.95,3.9,8,塔吉克斯坦
2018,1/15,43115,17:05:57,46.59,129.68,3.8,8,黑龙江佳木斯市汤原县
2018,1/16,43116,13:52:12,21.11,99.89,3.4,5,缅甸
2018,1/17,43117,13:59:12,25.11,121.61,4.1,129,台湾新北市
2018,1/17,43117,11:48:15,38.21,74.21,3.9,164,塔吉克斯坦
2018,1/17,43117,9:25:18,35.01,87.01,4.5,6,西藏那曲地区双湖县
2018,1/17,43117,6:25:06,40.35,75.01,3.2,8,新疆克孜勒苏州乌恰县
2018,1/18,43118,20:41:57,43.6,82.76,4.2,6,新疆伊犁州尼勒克县
2018,1/18,43118,8:00:15,21.98,101.17,3,5,云南西双版纳州景洪市
2018,1/18,43118,6:56:58,-30.12,-177.76,5.9,20,克马德克群岛
2018,1/19,43119,22:41:15,36.42,76.85,3.3,5,新疆喀什地区叶城县
2018,1/19,43119,1:52:55,32.59,105.35,3.1,10,四川广元市青川县
2018,1/20,43120,22:54:00,43.57,87.4,2.3,26,新疆乌鲁木齐市沙依巴克区（有感）
2018,1/20,43120,21:50:50,43.57,87.42,4.8,24,新疆乌鲁木齐市乌鲁木齐县
2018,1/20,43120,8:36:52,32.05,104.42,3.2,11,四川绵阳市北川县
2018,1/20,43120,0:17:46,26.75,-110.9,6.3,10,加利福尼亚湾
2018,1/21,43121,9:06:40,-18.89,-69.41,6.3,110,智利北部
2018,1/22,43122,20:41:17,44.28,82.88,3,9,新疆博尔塔拉州精河县
2018,1/22,43122,18:53:34,38.36,74.97,3,131,新疆克孜勒苏州阿克陶县
2018,1/22,43122,8:25:35,37.61,77.85,3.6,26,新疆和田地区皮山县
2018,1/22,43122,8:19:48,37.62,77.88,3.7,26,新疆和田地区皮山县
2018,1/23,43123,17:31:41,55.96,-149.13,8,10,阿拉斯加湾
2018,1/24,43124,18:51:22,41.13,142.37,6.1,40,日本北海道附近海域
2018,1/25,43125,10:10:34,55.5,166.35,6.3,10,科曼多尔群岛
2018,1/25,43125,9:15:58,8.3,91.79,5.9,10,尼科巴群岛
2018,1/25,43125,4:54:54,41.22,83.71,3.6,9,新疆阿克苏地区库车县
2018,1/26,43126,13:30:33,38.96,103.44,2.9,7,甘肃武威市民勤县
2018,1/26,43126,7:04:28,32.94,83.51,3.2,10,西藏阿里地区改则县
2018,1/26,43126,4:42:56,33.2,83.32,3.7,7,西藏阿里地区改则县
2018,1/27,43127,10:15:41,41.26,83.88,3,13,新疆阿克苏地区库车县
2018,1/27,43127,6:47:57,-3.54,145.84,6,10,新几内亚北岸近海
2018,1/27,43127,6:35:54,24.87,98.94,3.1,9,云南保山市隆阳区
2018,1/27,43127,0:31:30,22.96,120.98,3.9,8,台湾台东县
2018,1/28,43128,6:03:45,43.57,87.41,2.5,29,新疆乌鲁木齐市乌鲁木齐县(有感)
2018,1/29,43129,1:27:42,33.47,91.45,3.6,7,青海海西州唐古拉地区
2018,1/29,43129,0:03:05,-53.05,9.61,6.5,10,布韦岛附近海域
2018,1/31,43131,15:07:00,36.51,70.91,6.2,180,阿富汗
2018,1/31,43131,7:05:24,40,113.81,2.9,5,山西大同市大同县
2018,1/31,43131,6:56:02,40.08,97.61,2.8,17,甘肃酒泉市玉门市
2018,2/1,43132,22:28:01,28.92,106.96,2.3,6,重庆綦江区（有感）
2018,2/2,43133,17:39:23,36.71,106.1,3.9,10,宁夏吴忠市同心县
2018,2/2,43133,13:41:23,40.28,103.85,3.5,15,内蒙古阿拉善盟阿拉善右旗
2018,2/2,43133,8:48:56,23.94,97.64,3.9,10,云南德宏州瑞丽市
2018,2/2,43133,8:48:22,23.95,97.69,4.3,10,云南德宏州瑞丽市
2018,2/2,43133,8:20:44,0.21,125.21,5.5,50,印尼马鲁古海
2018,2/3,43134,18:45:21,38.49,76.58,3.6,20,新疆喀什地区英吉沙县
2018,2/3,43134,9:20:37,35.51,105.42,3.6,0,甘肃平凉市静宁县(塌陷)
2018,2/4,43135,22:13:12,24.16,121.75,5.5,10,台湾花莲县附近海域
2018,2/4,43135,22:10:52,24.22,121.77,4.1,7,台湾花莲县附近海域
2018,2/4,43135,21:56:41,24.2,121.72,6.4,10,台湾花莲县附近海域
2018,2/4,43135,21:12:50,24.15,121.9,4.7,7,台湾花莲县附近海域
2018,2/4,43135,5:46:32,44.64,81.37,3.7,16,新疆博尔塔拉州博乐市
2018,2/5,43136,23:58:42,24.08,121.7,4.8,7,台湾花莲县附近海域
2018,2/5,43136,18:46:53,32.11,101.03,3.2,8,四川阿坝州壤塘县(有感)
2018,2/6,43137,16:36:50,24.15,121.72,4.6,10,台湾花莲县附近海域
2018,2/6,43137,15:03:23,27.95,101.32,3.5,16,四川凉山州木里县
2018,2/6,43137,13:09:14,24.16,121.75,4.8,7,台湾花莲县附近海域
2018,2/6,43137,23:50:42,24.13,121.71,6.5,11,台湾花莲县附近海域
2018,2/7,43138,3:36:37,23.98,121.71,4.1,9,台湾花莲县附近海域
2018,2/7,43138,4:56:23,24.07,121.68,4.6,6,台湾花莲县附近海域
2018,2/7,43138,7:11:43,24.04,121.68,4.5,6,台湾花莲县附近海域
2018,2/7,43138,7:43:53,24.03,121.62,4.6,7,台湾花莲县
2018,2/7,43138,10:15:59,37.57,112.45,3.4,10,山西太原市清徐县
2018,2/7,43138,10:18:04,24.07,121.71,4.8,8,台湾花莲县附近海域
2018,2/7,43138,11:36:18,24.05,121.74,4.8,11,台湾花莲县附近海域
2018,2/7,43138,19:13:05,23.98,121.79,5,13,台湾花莲县附近海域
2018,2/7,43138,21:06:40,24.07,121.78,4.8,11,台湾花莲县附近海域
2018,2/7,43138,22:19:20,23.92,121.78,4.6,10,台湾花莲县附近海域
2018,2/7,43138,23:21:30,24.07,121.79,6.1,12,台湾花莲县附近海域
2018,2/8,43139,8:54:17,23.94,121.62,4.9,8,台湾花莲县附近海域
2018,2/8,43139,11:06:04,23.95,121.62,4.2,6,台湾花莲县附近海域
2018,2/8,43139,17:34:37,37.97,106.2,3.5,10,宁夏吴忠市利通区
2018,2/8,43139,18:51:59,30.31,87.75,3.6,7,西藏日喀则市谢通门县
2018,2/8,43139,21:28:18,43.75,92.48,4.2,10,新疆哈密地区巴里坤县
2018,2/9,43140,4:56:32,30.23,87.78,3.6,21,西藏日喀则市谢通门县
2018,2/9,43140,4:58:48,32.71,93.27,4,9,青海玉树州杂多县
2018,2/9,43140,19:00:37,32.83,111.56,4.3,10,河南南阳市淅川县
2018,2/9,43140,19:43:54,-17.9,-178.65,5.9,550,斐济群岛地区
2018,2/9,43140,22:58:05,22.32,100.89,4.9,12,云南西双版纳州景洪市
2018,2/10,43141,2:43:09,24,121.83,4.5,10,台湾花莲县附近海域
2018,2/10,43141,6:17:46,32.35,89.93,3.6,10,西藏那曲地区双湖县
2018,2/10,43141,15:39:25,36.08,76.49,3.5,15,新疆喀什地区塔什库尔干县
2018,2/11,43142,21:12:23,30.32,87.69,3.9,11,西藏日喀则市谢通门县
2018,2/12,43143,3:27:04,39.41,73.25,3.7,15,吉尔吉斯斯坦
2018,2/12,43143,7:14:13,13.7,146.4,6,10,马里亚纳群岛
2018,2/12,43143,18:31:36,39.37,116.67,4.3,20,河北廊坊市永清县
2018,2/13,43144,15:21:38,39.72,74.31,3.7,8,新疆克孜勒苏州乌恰县
2018,2/13,43144,17:32:04,36.91,96.78,4,9,青海海西州都兰县
2018,2/14,43145,13:23:26,39.79,73.99,3.7,10,新疆克孜勒苏州乌恰县
2018,2/14,43145,17:06:19,41.16,114.38,3.2,12,河北张家口市张北县
2018,2/15,43146,1:14:33,43.96,81.63,3.9,18,新疆伊犁州伊宁县
2018,2/15,43146,6:30:53,39.35,73.66,3.9,5,新疆克孜勒苏州阿克陶县
2018,2/15,43146,7:21:45,38.42,73.8,4.5,132,塔吉克斯坦
2018,2/15,43146,7:58:58,34.93,86.85,4.2,44,西藏那曲地区尼玛县
2018,2/15,43146,11:27:41,27.24,99.98,4,12,云南迪庆州香格里拉市
2018,2/15,43146,18:17:24,35.89,82.3,4.5,9,新疆和田地区于田县
2018,2/17,43148,7:39:38,16.6,-97.75,7.1,10,墨西哥
2018,2/17,43148,18:14:12,38.3,87.55,4.4,15,新疆巴音郭楞州若羌县
2018,2/18,43149,11:44:11,32.29,105.02,4.4,19,四川广元市青川县
2018,2/19,43150,3:21:49,23.92,121.12,4.2,27,台湾南投县
2018,2/19,43150,22:47:00,24.61,121.63,4.9,59,台湾宜兰县
2018,2/20,43151,22:09:57,24.47,100.79,4,6,云南普洱市景东县
2018,2/22,43153,7:10:40,23.5,121.66,4.9,26,台湾花莲县附近海域
2018,2/22,43153,8:10:48,30.46,101.55,4.2,18,四川甘孜州道孚县
2018,2/23,43154,14:43:30,42.33,119.92,3.5,15,内蒙古赤峰市敖汉旗
2018,2/24,43155,9:10:17,41.08,108.93,3.7,10,内蒙古巴彦淖尔市乌拉特前旗
2018,2/24,43155,17:55:33,30.47,101.54,3.5,22,四川甘孜州道孚县
2018,2/26,43157,1:44:42,-6.19,142.77,7.5,20,巴布亚新几内亚
2018,2/26,43157,2:28:40,24.43,121.97,5,17,台湾宜兰县海域
2018,2/26,43157,5:30:14,40.11,75.1,3.2,9,新疆克孜勒苏州乌恰县
2018,2/26,43157,16:26:58,-6.32,143.37,5.8,20,巴布亚新几内亚
2018,2/26,43157,21:34:54,-2.74,126.81,5.9,20,印尼塞兰海
2018,2/26,43157,23:17:59,-6.45,143.26,6.3,15,巴布亚新几内亚
2018,2/26,43157,23:32:56,39.6,118.16,2.2,14,河北唐山市路南区
2018,2/27,43158,3:00:53,29.41,102.15,3.1,10,四川省雅安市石棉县
2018,2/27,43158,21:42:30,31.61,103.45,3.4,15,四川阿坝州理县
2018,2/27,43158,22:37:22,31.33,103.52,2.8,15,四川阿坝州汶川县
2018,2/28,43159,10:45:42,-6.01,142.49,6.2,10,巴布亚新几内亚
2018,2/28,43159,20:41:09,33.69,89.23,3.2,6,西藏那曲地区双湖县
2018,3/1,43160,0:35:18,38.54,76.26,3.1,8,新疆克孜勒苏州阿克陶县
2018,3/1,43160,0:46:03,37.76,73.46,4,9,塔吉克斯坦
2018,3/2,43161,1:20:01,27.1,103.14,2.9,6,云南昭通市巧家县
2018,3/2,43161,1:27:17,30.32,87.75,4.5,5,西藏日喀则市谢通门县
2018,3/2,43161,11:42:25,24.34,122.91,4.2,8,先岛群岛海域
2018,3/3,43162,2:07:10,41.32,83.93,3,14,新疆阿克苏地区库车县
2018,3/3,43162,6:08:03,31.96,89.72,3.2,9,西藏那曲地区班戈县
2018,3/3,43162,21:18:33,39.36,93.45,3.1,9,甘肃酒泉市阿克塞县
2018,3/4,43163,1:35:51,24.23,121.86,4.6,9,台湾花莲县海域
2018,3/4,43163,7:05:40,39.62,73.8,4.2,10,吉尔吉斯斯坦
2018,3/5,43164,6:49:58,45.26,124.62,4.2,10,吉林松原市前郭尔罗斯县
2018,3/5,43164,17:39:43,40.03,75.32,3,23,新疆克孜勒苏州乌恰县
2018,3/6,43165,22:13:07,-6.31,142.65,6.7,20,巴布亚新几内亚
2018,3/7,43166,12:40:10,45.79,152.32,5.8,30,千岛群岛以东海域
2018,3/8,43167,4:51:54,23.65,98.43,3.2,5,缅甸
2018,3/9,43168,1:39:49,-4.35,153.3,6.8,10,新爱尔兰地区
2018,3/9,43168,13:46:55,29.61,104.77,2.8,5,四川内江市资中县
2018,3/9,43168,19:06:10,-4.35,153.34,5.9,30,新爱尔兰地区
2018,3/10,43169,0:39:11,29.58,104.78,3,5,四川内江市威远县
2018,3/10,43169,6:08:37,23.63,98.43,3.6,5,缅甸
2018,3/10,43169,11:21:27,35.86,76.09,3.7,8,克什米尔地区
2018,3/11,43170,8:19:18,41.95,82.38,3.4,7,新疆阿克苏地区拜城县
2018,3/12,43171,14:33:15,38.35,75.02,3.4,137,新疆克孜勒苏州阿克陶县
2018,3/12,43171,20:14:27,30.92,87.43,3.4,8,西藏那曲市尼玛县
2018,3/13,43172,10:36:44,45.26,124.74,3,11,吉林松原市宁江区
2018,3/13,43172,16:02:00,34.26,104.86,2.9,8,甘肃陇南市礼县
2018,3/14,43173,11:15:04,25.09,98.85,3.7,12,云南保山市隆阳区
2018,3/14,43173,12:11:35,38.8,75.23,3,19,新疆克孜勒苏州阿克陶县
2018,3/14,43173,18:48:41,24.12,122.07,4.4,6,台湾花莲县海域
2018,3/15,43174,7:29:39,26.59,108.86,3.2,6,贵州黔东南州剑河县
2018,3/15,43174,14:01:02,29.6,104.78,3.3,6,四川内江市资中县
2018,3/17,43176,8:34:27,21.88,111.71,2.7,9,广东阳江市阳西县
2018,3/17,43176,10:16:49,29.58,104.76,2.9,17,四川内江市威远县
2018,3/17,43176,12:09:38,36.33,106.01,2.6,9,宁夏中卫市海原县
2018,3/17,43176,16:05:12,44.3,84.86,3.2,10,新疆克拉玛依市独山子区
2018,3/17,43176,23:02:02,39.76,75.34,2.9,10,新疆克孜勒苏州乌恰县（有感）
2018,3/18,43177,3:31:00,28.09,104.72,3.3,13,四川宜宾市筠连县
2018,3/18,43177,5:28:04,41.2,83.72,3.3,8,新疆阿克苏地区库车县
2018,3/18,43177,6:55:07,42.49,85.25,3,7,新疆巴音郭楞州和静县
2018,3/18,43177,12:29:25,33.24,103.79,3.1,5,四川阿坝州九寨沟县
2018,3/18,43177,15:15:05,36.49,111.78,3.6,21,山西临汾市霍州市
2018,3/19,43178,6:23:27,41.91,82.6,3.2,22,新疆阿克苏地区拜城县
2018,3/19,43178,23:20:37,42,82.72,3.8,8,新疆阿克苏地区拜城县
2018,3/20,43179,1:37:13,30.31,102.92,2.5,19,四川雅安市芦山县
2018,3/20,43179,4:44:04,21.88,111.71,3.7,16,广东阳江市阳西县
2018,3/20,43179,13:08:26,39.48,73.62,3.3,8,吉尔吉斯斯坦
2018,3/20,43179,17:22:56,23.33,120.52,5.1,14,台湾台南市
2018,3/20,43179,18:34:34,38.05,84.91,3.1,7,新疆巴音郭楞州且末县
2018,3/21,43180,5:23:16,32.44,83.81,3.9,6,西藏阿里地区改则县
2018,3/22,43181,22:27:51,23.65,120.59,4.4,11,台湾云林县
2018,3/24,43183,9:35:25,41.12,83.45,3,20,新疆阿克苏地区库车县
2018,3/24,43183,19:23:34,-5.61,151.45,6.3,50,新不列颠地区
2018,3/25,43184,3:58:35,-45.76,96.25,5.9,10,东南印度洋海岭
2018,3/25,43184,8:40:39,28.92,105.45,3.3,6,四川泸州市龙马潭区
2018,3/25,43184,16:58:10,-7.36,128.35,6,150,班达海
2018,3/26,43185,4:14:46,-6.62,129.82,6.5,170,班达海
2018,3/26,43185,8:05:33,30.48,101.55,2.8,11,四川甘孜州道孚县
2018,3/26,43185,12:43:53,24.41,98.8,2.9,13,云南保山市龙陵县
2018,3/26,43185,17:51:01,-5.42,151.31,6.6,40,新不列颠地区
2018,3/28,43187,18:17:36,42.29,104.72,4,15,蒙古
2018,3/28,43187,18:29:57,24.67,121.96,3.9,66,台湾宜兰县海域
2018,3/29,43188,8:17:50,24.08,120.97,4.9,6,台湾南投县
2018,3/29,43188,12:08:45,30.48,101.55,2.6,9,四川甘孜州道孚县
2018,3/30,43189,2:51:10,-9.42,159.56,5.8,30,所罗门群岛
2018,3/30,43189,5:25:32,-5.47,151.43,6.8,20,新不列颠岛地区
2018,3/30,43189,6:54:13,38.7,69.96,5.5,20,塔吉克斯坦
2018,3/30,43189,9:28:13,29.52,104.56,3,11,四川内江市威远县
2018,3/30,43189,11:15:13,39.48,76.88,3.1,22,新疆喀什地区伽师县
2018,3/30,43189,17:26:43,39.41,122.19,2.5,13,辽宁大连市普兰店区
2018,3/31,43190,3:18:40,42.15,81.03,4.2,7,新疆阿克苏地区拜城县
2018,3/31,43190,8:09:19,39.8,74.97,3,12,新疆克孜勒苏州乌恰县
2018,3/31,43190,17:26:33,32.84,90.48,3.8,7,西藏那曲市安多县
2018,4/1,43191,9:18:33,42.14,85.46,4.2,6,新疆巴音郭楞州库尔勒市
2018,4/1,43191,10:29:17,44.58,81.56,3.1,8,新疆博尔塔拉州博乐市
2018,4/1,43191,21:10:13,25.21,101.77,3.7,7,云南楚雄州禄丰县
2018,4/2,43192,10:38:26,36.19,106.26,2.3,11,宁夏固原市原州区
2018,4/2,43192,12:36:08,40.09,79.4,3.4,10,新疆喀什地区巴楚县
2018,4/2,43192,13:57:33,-24.7,-176.77,6.1,90,斐济群岛南部海域
2018,4/2,43192,21:40:33,-20.58,-63.08,6.8,550,玻利维亚
2018,4/3,43193,16:14:38,39.77,74.3,4.9,9,新疆克孜勒苏州乌恰县
2018,4/3,43193,17:26:53,48.15,85.17,3,9,哈萨克斯坦
2018,4/3,43193,22:39:29,40.32,76.7,3.3,7,新疆克孜勒苏州阿图什市
2018,4/4,43194,12:10:29,25.51,106.85,2.3,15,贵州黔南州罗甸县
2018,4/5,43195,11:53:41,6.78,126.88,5.8,60,菲律宾棉兰老岛
2018,4/5,43195,15:46:42,29.58,104.76,2.4,17,四川内江市威远县
2018,4/5,43195,17:07:56,-18.21,-177.93,5.9,500,斐济群岛地区
2018,4/5,43195,23:08:01,41.1,87.65,4.9,12,新疆巴音郭楞州尉犁县
2018,4/6,43196,23:55:07,31.2,117.77,3.6,6,安徽芜湖市无为县
2018,4/7,43197,13:48:40,-5.78,142.57,6.3,20,巴布亚新几内亚
2018,4/8,43198,12:59:52,38.95,109.42,2.5,0,内蒙古鄂尔多斯市乌审旗(塌陷)
2018,4/9,43199,1:53:29,39.45,74.04,3.1,12,新疆克孜勒苏州乌恰县
2018,4/9,43199,9:58:22,32.24,83.45,3.8,6,西藏阿里地区改则县
2018,4/10,43200,3:47:25,40.67,120.28,1.9,10,辽宁葫芦岛市兴城市
2018,4/10,43200,12:31:27,31.74,104.3,2.6,28,四川绵阳市安州区
2018,4/10,43200,12:51:26,21.93,101.37,3.1,5,云南西双版纳州勐腊县
2018,4/10,43200,16:47:03,42.33,119.89,3.1,10,内蒙古赤峰市敖汉旗
2018,4/10,43200,18:19:32,-30.96,-71.51,6,50,智利
2018,4/11,43201,6:26:50,28.57,106.71,2.1,10,重庆綦江区（有感）
2018,4/11,43201,19:53:36,35.62,117.76,3.1,10,山东临沂市平邑县
2018,4/12,43202,8:06:02,44.63,124.15,2.3,10,吉林松原市前郭尔罗斯县
2018,4/12,43202,18:41:49,40.47,77.2,4.6,6,新疆克孜勒苏州阿图什市
2018,4/13,43203,0:24:49,35.25,89.77,3.5,9,青海玉树州治多县
2018,4/13,43203,15:08:46,41.34,83.85,3,10,新疆阿克苏地区库车县
2018,4/13,43203,18:16:53,31.03,103.21,3.3,22,四川阿坝州汶川县
2018,4/15,43205,5:55:11,37.41,113.57,2.1,0,山西晋中市和顺县（塌陷）
2018,4/15,43205,12:37:03,26.35,99.99,2.8,13,云南大理州洱源县
2018,4/15,43205,17:44:38,39.16,114.48,1.4,0,河北保定市涞源县（爆破）
2018,4/15,43205,22:46:32,29.36,105.43,2.9,8,重庆荣昌区
2018,4/16,43206,2:08:06,39.45,116.73,2.3,18,河北廊坊市安次区
2018,4/16,43206,3:23:43,32.95,84.99,3.1,11,西藏阿里地区改则县
2018,4/16,43206,21:48:59,23.05,121.37,4.4,18,台湾台东县海域
2018,4/16,43206,23:47:31,39.77,74.31,3.8,8,新疆克孜勒苏州乌恰县
2018,4/20,43210,5:09:17,-42.77,42.19,5.9,10,爱德华王子群岛地区
2018,4/21,43211,0:02:11,39.3,93.39,3.4,12,甘肃酒泉市阿克塞县
2018,4/21,43211,5:14:27,31.72,104.14,3.2,14,四川阿坝州茂县
2018,4/21,43211,18:56:54,23.11,121.66,4,8,台湾台东县海域
2018,4/23,43213,1:46:37,45.26,124.74,3.4,14,吉林松原市宁江区
2018,4/23,43213,3:16:00,35.23,87.93,4.1,7,西藏那曲市双湖县
2018,4/23,43213,7:39:25,38.67,73.08,4.3,11,塔吉克斯坦
2018,4/24,43214,1:10:31,23.91,122.45,4.2,15,台湾花莲县海域
2018,4/25,43215,9:15:07,39.97,77.03,3.2,57,新疆克孜勒苏州阿图什市
2018,4/27,43217,13:25:27,21.77,99.12,3.1,5,缅甸
2018,4/27,43217,13:55:54,22.35,121,4.2,17,台湾台东县海域
2018,4/27,43217,20:14:06,43.98,84.45,3,34,新疆塔城地区乌苏市
2018,4/28,43218,2:49:31,38.07,73.3,4,172,塔吉克斯坦
2018,4/28,43218,13:13:34,39.64,118.61,2.3,10,河北唐山市滦县
2018,4/29,43219,15:02:37,22.33,121.05,4.3,8,台湾台东县海域
2018,4/29,43219,16:00:43,41.86,123.93,2.9,0,辽宁抚顺市新抚区（矿震）
2018,4/29,43219,16:01:42,27.07,103.24,2.8,5,云南昭通市巧家县
2018,4/30,43220,19:31:18,36.91,75.81,3,7,新疆喀什地区塔什库尔干县
2018,5/1,43221,2:24:52,-15.9,168.37,5.9,270,瓦努阿图
2018,5/1,43221,11:14:45,43.61,86.62,4.3,12,新疆昌吉州昌吉市
2018,5/1,43221,11:25:02,25.81,99.85,2.9,13,云南大理州漾濞县
2018,5/1,43221,11:44:48,43.66,86.66,3,12,新疆昌吉州呼图壁县
2018,5/1,43221,14:20:44,31.25,99.73,3.1,10,四川甘孜州白玉县
2018,5/2,43222,3:47:53,-17.99,-177.95,6,590,斐济群岛地区
2018,5/2,43222,4:28:44,28.5,102.71,3.2,21,四川凉山州越西县
2018,5/2,43222,7:10:51,32.6,105.37,3.3,13,四川广元市青川县
2018,5/2,43222,7:47:04,23.97,122.29,5.2,15,台湾花莲县海域
